code,city
Agoura Hills,Agoura Hills
Altadena,Altadena
Arcadia,Arcadia
Baldwin Park,Baldwin Park
Beverly Hills,Beverly Hills
Burbank,Burbank
Calabasas,Calabasas
Carson,Carson
Cerritos,Cerritos
Chatsworth,Chatsworth
Compton,Compton
Covina,Covina
Culver City,Culver City
Downey,Downey
Duarte,Duarte
El Monte,El Monte
El Segundo,El Segundo
Encino,Encino
Gardena,Gardena
Glendale,Glendale
Glendora,Glendora
Inglewood,Inglewood
La Habra,La Habra
La Verne,La Verne
Lakewood,Lakewood
Lancaster,Lancaster
Long Beach,Long Beach
Los Angeles,Los Angeles
Lynwood,Lynwood
Malibu,Malibu
Manhattan Beach,Manhattan Beach
Marina del Rey,Marina del Rey
North Hills,North Hills
North Hollywood,North Hollywood
Northridge,Northridge
Pacoima,Pacoima
Palmdale,Palmdale
Paramount,Paramount
Pasadena,Pasadena
Pomona,Pomona
Rancho Palos Verdes,Rancho Palos Verdes
Redondo Beach,Redondo Beach
Reseda,Reseda
Rosemead,Rosemead
San Dimas,San Dimas
San Gabriel,San Gabriel
San Pedro,San Pedro
Santa Clarita,Santa Clarita
Santa Fe Springs,Santa Fe Springs
Santa Monica,Santa Monica
Signal Hill,Signal Hill
South Pasadena,South Pasadena
Sun Valley,Sun Valley
Sylmar,Sylmar
Tarzana,Tarzana
Topanga,Topanga
Torrance,Torrance
Van Nuys,Van Nuys
Venice,Venice
Walnut,Walnut
West Covina,West Covina
West Hollywood,West Hollywood
Whittier,Whittier
Woodland Hills,Woodland Hills